<?xml version="1.0" encoding="UTF-8" ?>
<persistence xmlns:xsi="http://www.w3.org/2001/XMLSchema-instance"
	xsi:schemaLocation="http://java.sun.com/xml/ns/persistence http://java.sun.com/xml/ns/persistence/persistence_2_0.xsd"
	version="2.0" xmlns="http://java.sun.com/xml/ns/persistence">
	<persistence-unit name="pu1">
        <provider>org.eclipse.persistence.jpa.PersistenceProvider</provider>
        <jta-data-source>jdbc/__default</jta-data-source>
		<properties>
			<property name="eclipselink.jdbc.driver" value="org.apache.derby.jdbc.ClientDriver" />

			<!-- EclipseLink should create the database schema automatically -->
			<property name="eclipselink.ddl-generation" value="drop-and-create-tables" />
			<property name="eclipselink.ddl-generation.output-mode" value="both" />
		</properties>
	</persistence-unit>
</persistence>


